seq_page_links;value;links_to_law_details
http://parlament.ba/oLaw/GetOLawsByStatus?page=1&MandateId=4&Status=-1;/olaw/OLawDetails?lawId=61794;http://parlament.ba/olaw/OLawDetails?lawId=61794
http://parlament.ba/oLaw/GetOLawsByStatus?page=1&MandateId=4&Status=-1;/olaw/OLawDetails?lawId=61566;http://parlament.ba/olaw/OLawDetails?lawId=61566
http://parlament.ba/oLaw/GetOLawsByStatus?page=1&MandateId=4&Status=-1;/olaw/OLawDetails?lawId=61565;http://parlament.ba/olaw/OLawDetails?lawId=61565
http://parlament.ba/oLaw/GetOLawsByStatus?page=1&MandateId=4&Status=-1;/olaw/OLawDetails?lawId=61443;http://parlament.ba/olaw/OLawDetails?lawId=61443
http://parlament.ba/oLaw/GetOLawsByStatus?page=1&MandateId=4&Status=-1;/olaw/OLawDetails?lawId=61425;http://parlament.ba/olaw/OLawDetails?lawId=61425
http://parlament.ba/oLaw/GetOLawsByStatus?page=1&MandateId=4&Status=-1;/olaw/OLawDetails?lawId=61422;http://parlament.ba/olaw/OLawDetails?lawId=61422
http://parlament.ba/oLaw/GetOLawsByStatus?page=1&MandateId=4&Status=-1;/olaw/OLawDetails?lawId=61404;http://parlament.ba/olaw/OLawDetails?lawId=61404
http://parlament.ba/oLaw/GetOLawsByStatus?page=1&MandateId=4&Status=-1;/olaw/OLawDetails?lawId=61221;http://parlament.ba/olaw/OLawDetails?lawId=61221
http://parlament.ba/oLaw/GetOLawsByStatus?page=1&MandateId=4&Status=-1;/olaw/OLawDetails?lawId=60882;http://parlament.ba/olaw/OLawDetails?lawId=60882
http://parlament.ba/oLaw/GetOLawsByStatus?page=1&MandateId=4&Status=-1;/olaw/OLawDetails?lawId=60881;http://parlament.ba/olaw/OLawDetails?lawId=60881
http://parlament.ba/oLaw/GetOLawsByStatus?page=2&MandateId=4&Status=-1;/olaw/OLawDetails?lawId=60835;http://parlament.ba/olaw/OLawDetails?lawId=60835
http://parlament.ba/oLaw/GetOLawsByStatus?page=2&MandateId=4&Status=-1;/olaw/OLawDetails?lawId=60703;http://parlament.ba/olaw/OLawDetails?lawId=60703
http://parlament.ba/oLaw/GetOLawsByStatus?page=2&MandateId=4&Status=-1;/olaw/OLawDetails?lawId=60675;http://parlament.ba/olaw/OLawDetails?lawId=60675
http://parlament.ba/oLaw/GetOLawsByStatus?page=2&MandateId=4&Status=-1;/olaw/OLawDetails?lawId=60646;http://parlament.ba/olaw/OLawDetails?lawId=60646
http://parlament.ba/oLaw/GetOLawsByStatus?page=2&MandateId=4&Status=-1;/olaw/OLawDetails?lawId=60513;http://parlament.ba/olaw/OLawDetails?lawId=60513
http://parlament.ba/oLaw/GetOLawsByStatus?page=2&MandateId=4&Status=-1;/olaw/OLawDetails?lawId=60484;http://parlament.ba/olaw/OLawDetails?lawId=60484
http://parlament.ba/oLaw/GetOLawsByStatus?page=2&MandateId=4&Status=-1;/olaw/OLawDetails?lawId=60468;http://parlament.ba/olaw/OLawDetails?lawId=60468
http://parlament.ba/oLaw/GetOLawsByStatus?page=2&MandateId=4&Status=-1;/olaw/OLawDetails?lawId=60444;http://parlament.ba/olaw/OLawDetails?lawId=60444
http://parlament.ba/oLaw/GetOLawsByStatus?page=2&MandateId=4&Status=-1;/olaw/OLawDetails?lawId=59734;http://parlament.ba/olaw/OLawDetails?lawId=59734
http://parlament.ba/oLaw/GetOLawsByStatus?page=2&MandateId=4&Status=-1;/olaw/OLawDetails?lawId=59655;http://parlament.ba/olaw/OLawDetails?lawId=59655
http://parlament.ba/oLaw/GetOLawsByStatus?page=3&MandateId=4&Status=-1;/olaw/OLawDetails?lawId=59652;http://parlament.ba/olaw/OLawDetails?lawId=59652
http://parlament.ba/oLaw/GetOLawsByStatus?page=3&MandateId=4&Status=-1;/olaw/OLawDetails?lawId=59548;http://parlament.ba/olaw/OLawDetails?lawId=59548
http://parlament.ba/oLaw/GetOLawsByStatus?page=3&MandateId=4&Status=-1;/olaw/OLawDetails?lawId=59547;http://parlament.ba/olaw/OLawDetails?lawId=59547
http://parlament.ba/oLaw/GetOLawsByStatus?page=3&MandateId=4&Status=-1;/olaw/OLawDetails?lawId=59546;http://parlament.ba/olaw/OLawDetails?lawId=59546
http://parlament.ba/oLaw/GetOLawsByStatus?page=3&MandateId=4&Status=-1;/olaw/OLawDetails?lawId=59478;http://parlament.ba/olaw/OLawDetails?lawId=59478
http://parlament.ba/oLaw/GetOLawsByStatus?page=3&MandateId=4&Status=-1;/olaw/OLawDetails?lawId=59422;http://parlament.ba/olaw/OLawDetails?lawId=59422
http://parlament.ba/oLaw/GetOLawsByStatus?page=3&MandateId=4&Status=-1;/olaw/OLawDetails?lawId=59384;http://parlament.ba/olaw/OLawDetails?lawId=59384
http://parlament.ba/oLaw/GetOLawsByStatus?page=3&MandateId=4&Status=-1;/olaw/OLawDetails?lawId=59383;http://parlament.ba/olaw/OLawDetails?lawId=59383
http://parlament.ba/oLaw/GetOLawsByStatus?page=3&MandateId=4&Status=-1;/olaw/OLawDetails?lawId=59185;http://parlament.ba/olaw/OLawDetails?lawId=59185
http://parlament.ba/oLaw/GetOLawsByStatus?page=3&MandateId=4&Status=-1;/olaw/OLawDetails?lawId=59175;http://parlament.ba/olaw/OLawDetails?lawId=59175
http://parlament.ba/oLaw/GetOLawsByStatus?page=4&MandateId=4&Status=-1;/olaw/OLawDetails?lawId=59174;http://parlament.ba/olaw/OLawDetails?lawId=59174
http://parlament.ba/oLaw/GetOLawsByStatus?page=4&MandateId=4&Status=-1;/olaw/OLawDetails?lawId=59014;http://parlament.ba/olaw/OLawDetails?lawId=59014
http://parlament.ba/oLaw/GetOLawsByStatus?page=4&MandateId=4&Status=-1;/olaw/OLawDetails?lawId=59010;http://parlament.ba/olaw/OLawDetails?lawId=59010
http://parlament.ba/oLaw/GetOLawsByStatus?page=4&MandateId=4&Status=-1;/olaw/OLawDetails?lawId=58915;http://parlament.ba/olaw/OLawDetails?lawId=58915
http://parlament.ba/oLaw/GetOLawsByStatus?page=4&MandateId=4&Status=-1;/olaw/OLawDetails?lawId=58913;http://parlament.ba/olaw/OLawDetails?lawId=58913
http://parlament.ba/oLaw/GetOLawsByStatus?page=4&MandateId=4&Status=-1;/olaw/OLawDetails?lawId=58739;http://parlament.ba/olaw/OLawDetails?lawId=58739
http://parlament.ba/oLaw/GetOLawsByStatus?page=4&MandateId=4&Status=-1;/olaw/OLawDetails?lawId=58301;http://parlament.ba/olaw/OLawDetails?lawId=58301
http://parlament.ba/oLaw/GetOLawsByStatus?page=4&MandateId=4&Status=-1;/olaw/OLawDetails?lawId=58217;http://parlament.ba/olaw/OLawDetails?lawId=58217
http://parlament.ba/oLaw/GetOLawsByStatus?page=4&MandateId=4&Status=-1;/olaw/OLawDetails?lawId=58138;http://parlament.ba/olaw/OLawDetails?lawId=58138
http://parlament.ba/oLaw/GetOLawsByStatus?page=4&MandateId=4&Status=-1;/olaw/OLawDetails?lawId=58034;http://parlament.ba/olaw/OLawDetails?lawId=58034
http://parlament.ba/oLaw/GetOLawsByStatus?page=5&MandateId=4&Status=-1;/olaw/OLawDetails?lawId=57845;http://parlament.ba/olaw/OLawDetails?lawId=57845
http://parlament.ba/oLaw/GetOLawsByStatus?page=5&MandateId=4&Status=-1;/olaw/OLawDetails?lawId=57622;http://parlament.ba/olaw/OLawDetails?lawId=57622
http://parlament.ba/oLaw/GetOLawsByStatus?page=5&MandateId=4&Status=-1;/olaw/OLawDetails?lawId=57621;http://parlament.ba/olaw/OLawDetails?lawId=57621
http://parlament.ba/oLaw/GetOLawsByStatus?page=5&MandateId=4&Status=-1;/olaw/OLawDetails?lawId=57614;http://parlament.ba/olaw/OLawDetails?lawId=57614
http://parlament.ba/oLaw/GetOLawsByStatus?page=5&MandateId=4&Status=-1;/olaw/OLawDetails?lawId=57580;http://parlament.ba/olaw/OLawDetails?lawId=57580
http://parlament.ba/oLaw/GetOLawsByStatus?page=5&MandateId=4&Status=-1;/olaw/OLawDetails?lawId=57344;http://parlament.ba/olaw/OLawDetails?lawId=57344
http://parlament.ba/oLaw/GetOLawsByStatus?page=5&MandateId=4&Status=-1;/olaw/OLawDetails?lawId=57270;http://parlament.ba/olaw/OLawDetails?lawId=57270
http://parlament.ba/oLaw/GetOLawsByStatus?page=5&MandateId=4&Status=-1;/olaw/OLawDetails?lawId=57169;http://parlament.ba/olaw/OLawDetails?lawId=57169
http://parlament.ba/oLaw/GetOLawsByStatus?page=5&MandateId=4&Status=-1;/olaw/OLawDetails?lawId=57010;http://parlament.ba/olaw/OLawDetails?lawId=57010
http://parlament.ba/oLaw/GetOLawsByStatus?page=5&MandateId=4&Status=-1;/olaw/OLawDetails?lawId=57009;http://parlament.ba/olaw/OLawDetails?lawId=57009
http://parlament.ba/oLaw/GetOLawsByStatus?page=6&MandateId=4&Status=-1;/olaw/OLawDetails?lawId=57008;http://parlament.ba/olaw/OLawDetails?lawId=57008
http://parlament.ba/oLaw/GetOLawsByStatus?page=6&MandateId=4&Status=-1;/olaw/OLawDetails?lawId=57007;http://parlament.ba/olaw/OLawDetails?lawId=57007
http://parlament.ba/oLaw/GetOLawsByStatus?page=6&MandateId=4&Status=-1;/olaw/OLawDetails?lawId=56892;http://parlament.ba/olaw/OLawDetails?lawId=56892
http://parlament.ba/oLaw/GetOLawsByStatus?page=6&MandateId=4&Status=-1;/olaw/OLawDetails?lawId=56891;http://parlament.ba/olaw/OLawDetails?lawId=56891
http://parlament.ba/oLaw/GetOLawsByStatus?page=6&MandateId=4&Status=-1;/olaw/OLawDetails?lawId=56890;http://parlament.ba/olaw/OLawDetails?lawId=56890
http://parlament.ba/oLaw/GetOLawsByStatus?page=6&MandateId=4&Status=-1;/olaw/OLawDetails?lawId=56889;http://parlament.ba/olaw/OLawDetails?lawId=56889
http://parlament.ba/oLaw/GetOLawsByStatus?page=6&MandateId=4&Status=-1;/olaw/OLawDetails?lawId=56826;http://parlament.ba/olaw/OLawDetails?lawId=56826
http://parlament.ba/oLaw/GetOLawsByStatus?page=6&MandateId=4&Status=-1;/olaw/OLawDetails?lawId=56764;http://parlament.ba/olaw/OLawDetails?lawId=56764
http://parlament.ba/oLaw/GetOLawsByStatus?page=6&MandateId=4&Status=-1;/olaw/OLawDetails?lawId=56643;http://parlament.ba/olaw/OLawDetails?lawId=56643
http://parlament.ba/oLaw/GetOLawsByStatus?page=6&MandateId=4&Status=-1;/olaw/OLawDetails?lawId=56588;http://parlament.ba/olaw/OLawDetails?lawId=56588
http://parlament.ba/oLaw/GetOLawsByStatus?page=7&MandateId=4&Status=-1;/olaw/OLawDetails?lawId=56587;http://parlament.ba/olaw/OLawDetails?lawId=56587
http://parlament.ba/oLaw/GetOLawsByStatus?page=7&MandateId=4&Status=-1;/olaw/OLawDetails?lawId=56235;http://parlament.ba/olaw/OLawDetails?lawId=56235
http://parlament.ba/oLaw/GetOLawsByStatus?page=7&MandateId=4&Status=-1;/olaw/OLawDetails?lawId=56115;http://parlament.ba/olaw/OLawDetails?lawId=56115
http://parlament.ba/oLaw/GetOLawsByStatus?page=7&MandateId=4&Status=-1;/olaw/OLawDetails?lawId=55898;http://parlament.ba/olaw/OLawDetails?lawId=55898
http://parlament.ba/oLaw/GetOLawsByStatus?page=7&MandateId=4&Status=-1;/olaw/OLawDetails?lawId=55866;http://parlament.ba/olaw/OLawDetails?lawId=55866
http://parlament.ba/oLaw/GetOLawsByStatus?page=7&MandateId=4&Status=-1;/olaw/OLawDetails?lawId=55472;http://parlament.ba/olaw/OLawDetails?lawId=55472
http://parlament.ba/oLaw/GetOLawsByStatus?page=7&MandateId=4&Status=-1;/olaw/OLawDetails?lawId=55334;http://parlament.ba/olaw/OLawDetails?lawId=55334
http://parlament.ba/oLaw/GetOLawsByStatus?page=7&MandateId=4&Status=-1;/olaw/OLawDetails?lawId=55282;http://parlament.ba/olaw/OLawDetails?lawId=55282
http://parlament.ba/oLaw/GetOLawsByStatus?page=7&MandateId=4&Status=-1;/olaw/OLawDetails?lawId=55126;http://parlament.ba/olaw/OLawDetails?lawId=55126
http://parlament.ba/oLaw/GetOLawsByStatus?page=7&MandateId=4&Status=-1;/olaw/OLawDetails?lawId=54855;http://parlament.ba/olaw/OLawDetails?lawId=54855
http://parlament.ba/oLaw/GetOLawsByStatus?page=8&MandateId=4&Status=-1;/olaw/OLawDetails?lawId=54838;http://parlament.ba/olaw/OLawDetails?lawId=54838
http://parlament.ba/oLaw/GetOLawsByStatus?page=8&MandateId=4&Status=-1;/olaw/OLawDetails?lawId=54690;http://parlament.ba/olaw/OLawDetails?lawId=54690
http://parlament.ba/oLaw/GetOLawsByStatus?page=8&MandateId=4&Status=-1;/olaw/OLawDetails?lawId=54370;http://parlament.ba/olaw/OLawDetails?lawId=54370
http://parlament.ba/oLaw/GetOLawsByStatus?page=8&MandateId=4&Status=-1;/olaw/OLawDetails?lawId=54270;http://parlament.ba/olaw/OLawDetails?lawId=54270
http://parlament.ba/oLaw/GetOLawsByStatus?page=8&MandateId=4&Status=-1;/olaw/OLawDetails?lawId=54153;http://parlament.ba/olaw/OLawDetails?lawId=54153
http://parlament.ba/oLaw/GetOLawsByStatus?page=8&MandateId=4&Status=-1;/olaw/OLawDetails?lawId=54118;http://parlament.ba/olaw/OLawDetails?lawId=54118
http://parlament.ba/oLaw/GetOLawsByStatus?page=8&MandateId=4&Status=-1;/olaw/OLawDetails?lawId=53951;http://parlament.ba/olaw/OLawDetails?lawId=53951
http://parlament.ba/oLaw/GetOLawsByStatus?page=8&MandateId=4&Status=-1;/olaw/OLawDetails?lawId=53772;http://parlament.ba/olaw/OLawDetails?lawId=53772
http://parlament.ba/oLaw/GetOLawsByStatus?page=8&MandateId=4&Status=-1;/olaw/OLawDetails?lawId=53771;http://parlament.ba/olaw/OLawDetails?lawId=53771
http://parlament.ba/oLaw/GetOLawsByStatus?page=8&MandateId=4&Status=-1;/olaw/OLawDetails?lawId=53770;http://parlament.ba/olaw/OLawDetails?lawId=53770
http://parlament.ba/oLaw/GetOLawsByStatus?page=9&MandateId=4&Status=-1;/olaw/OLawDetails?lawId=53685;http://parlament.ba/olaw/OLawDetails?lawId=53685
http://parlament.ba/oLaw/GetOLawsByStatus?page=9&MandateId=4&Status=-1;/olaw/OLawDetails?lawId=53359;http://parlament.ba/olaw/OLawDetails?lawId=53359
http://parlament.ba/oLaw/GetOLawsByStatus?page=9&MandateId=4&Status=-1;/olaw/OLawDetails?lawId=53292;http://parlament.ba/olaw/OLawDetails?lawId=53292
http://parlament.ba/oLaw/GetOLawsByStatus?page=9&MandateId=4&Status=-1;/olaw/OLawDetails?lawId=53162;http://parlament.ba/olaw/OLawDetails?lawId=53162
http://parlament.ba/oLaw/GetOLawsByStatus?page=9&MandateId=4&Status=-1;/olaw/OLawDetails?lawId=53143;http://parlament.ba/olaw/OLawDetails?lawId=53143
http://parlament.ba/oLaw/GetOLawsByStatus?page=9&MandateId=4&Status=-1;/olaw/OLawDetails?lawId=53095;http://parlament.ba/olaw/OLawDetails?lawId=53095
http://parlament.ba/oLaw/GetOLawsByStatus?page=9&MandateId=4&Status=-1;/olaw/OLawDetails?lawId=53034;http://parlament.ba/olaw/OLawDetails?lawId=53034
http://parlament.ba/oLaw/GetOLawsByStatus?page=9&MandateId=4&Status=-1;/olaw/OLawDetails?lawId=53033;http://parlament.ba/olaw/OLawDetails?lawId=53033
http://parlament.ba/oLaw/GetOLawsByStatus?page=9&MandateId=4&Status=-1;/olaw/OLawDetails?lawId=53023;http://parlament.ba/olaw/OLawDetails?lawId=53023
http://parlament.ba/oLaw/GetOLawsByStatus?page=9&MandateId=4&Status=-1;/olaw/OLawDetails?lawId=52972;http://parlament.ba/olaw/OLawDetails?lawId=52972
http://parlament.ba/oLaw/GetOLawsByStatus?page=10&MandateId=4&Status=-1;/olaw/OLawDetails?lawId=52970;http://parlament.ba/olaw/OLawDetails?lawId=52970
http://parlament.ba/oLaw/GetOLawsByStatus?page=10&MandateId=4&Status=-1;/olaw/OLawDetails?lawId=52935;http://parlament.ba/olaw/OLawDetails?lawId=52935
http://parlament.ba/oLaw/GetOLawsByStatus?page=10&MandateId=4&Status=-1;/olaw/OLawDetails?lawId=52899;http://parlament.ba/olaw/OLawDetails?lawId=52899
http://parlament.ba/oLaw/GetOLawsByStatus?page=10&MandateId=4&Status=-1;/olaw/OLawDetails?lawId=52875;http://parlament.ba/olaw/OLawDetails?lawId=52875
http://parlament.ba/oLaw/GetOLawsByStatus?page=10&MandateId=4&Status=-1;/olaw/OLawDetails?lawId=52827;http://parlament.ba/olaw/OLawDetails?lawId=52827
http://parlament.ba/oLaw/GetOLawsByStatus?page=10&MandateId=4&Status=-1;/olaw/OLawDetails?lawId=52719;http://parlament.ba/olaw/OLawDetails?lawId=52719
http://parlament.ba/oLaw/GetOLawsByStatus?page=10&MandateId=4&Status=-1;/olaw/OLawDetails?lawId=52686;http://parlament.ba/olaw/OLawDetails?lawId=52686
http://parlament.ba/oLaw/GetOLawsByStatus?page=10&MandateId=4&Status=-1;/olaw/OLawDetails?lawId=52685;http://parlament.ba/olaw/OLawDetails?lawId=52685
http://parlament.ba/oLaw/GetOLawsByStatus?page=10&MandateId=4&Status=-1;/olaw/OLawDetails?lawId=52670;http://parlament.ba/olaw/OLawDetails?lawId=52670
http://parlament.ba/oLaw/GetOLawsByStatus?page=10&MandateId=4&Status=-1;/olaw/OLawDetails?lawId=52553;http://parlament.ba/olaw/OLawDetails?lawId=52553
http://parlament.ba/oLaw/GetOLawsByStatus?page=11&MandateId=4&Status=-1;/olaw/OLawDetails?lawId=52542;http://parlament.ba/olaw/OLawDetails?lawId=52542
http://parlament.ba/oLaw/GetOLawsByStatus?page=11&MandateId=4&Status=-1;/olaw/OLawDetails?lawId=52540;http://parlament.ba/olaw/OLawDetails?lawId=52540
http://parlament.ba/oLaw/GetOLawsByStatus?page=11&MandateId=4&Status=-1;/olaw/OLawDetails?lawId=52485;http://parlament.ba/olaw/OLawDetails?lawId=52485
http://parlament.ba/oLaw/GetOLawsByStatus?page=11&MandateId=4&Status=-1;/olaw/OLawDetails?lawId=52472;http://parlament.ba/olaw/OLawDetails?lawId=52472
http://parlament.ba/oLaw/GetOLawsByStatus?page=11&MandateId=4&Status=-1;/olaw/OLawDetails?lawId=52318;http://parlament.ba/olaw/OLawDetails?lawId=52318
http://parlament.ba/oLaw/GetOLawsByStatus?page=11&MandateId=4&Status=-1;/olaw/OLawDetails?lawId=52316;http://parlament.ba/olaw/OLawDetails?lawId=52316
http://parlament.ba/oLaw/GetOLawsByStatus?page=11&MandateId=4&Status=-1;/olaw/OLawDetails?lawId=52299;http://parlament.ba/olaw/OLawDetails?lawId=52299
http://parlament.ba/oLaw/GetOLawsByStatus?page=11&MandateId=4&Status=-1;/olaw/OLawDetails?lawId=52192;http://parlament.ba/olaw/OLawDetails?lawId=52192
http://parlament.ba/oLaw/GetOLawsByStatus?page=11&MandateId=4&Status=-1;/olaw/OLawDetails?lawId=52191;http://parlament.ba/olaw/OLawDetails?lawId=52191
http://parlament.ba/oLaw/GetOLawsByStatus?page=11&MandateId=4&Status=-1;/olaw/OLawDetails?lawId=52153;http://parlament.ba/olaw/OLawDetails?lawId=52153
http://parlament.ba/oLaw/GetOLawsByStatus?page=12&MandateId=4&Status=-1;/olaw/OLawDetails?lawId=52116;http://parlament.ba/olaw/OLawDetails?lawId=52116
http://parlament.ba/oLaw/GetOLawsByStatus?page=12&MandateId=4&Status=-1;/olaw/OLawDetails?lawId=52115;http://parlament.ba/olaw/OLawDetails?lawId=52115
http://parlament.ba/oLaw/GetOLawsByStatus?page=12&MandateId=4&Status=-1;/olaw/OLawDetails?lawId=52103;http://parlament.ba/olaw/OLawDetails?lawId=52103
http://parlament.ba/oLaw/GetOLawsByStatus?page=12&MandateId=4&Status=-1;/olaw/OLawDetails?lawId=51703;http://parlament.ba/olaw/OLawDetails?lawId=51703
http://parlament.ba/oLaw/GetOLawsByStatus?page=12&MandateId=4&Status=-1;/olaw/OLawDetails?lawId=51702;http://parlament.ba/olaw/OLawDetails?lawId=51702
http://parlament.ba/oLaw/GetOLawsByStatus?page=12&MandateId=4&Status=-1;/olaw/OLawDetails?lawId=51303;http://parlament.ba/olaw/OLawDetails?lawId=51303
http://parlament.ba/oLaw/GetOLawsByStatus?page=12&MandateId=4&Status=-1;/olaw/OLawDetails?lawId=51202;http://parlament.ba/olaw/OLawDetails?lawId=51202
http://parlament.ba/oLaw/GetOLawsByStatus?page=12&MandateId=4&Status=-1;/olaw/OLawDetails?lawId=51178;http://parlament.ba/olaw/OLawDetails?lawId=51178
http://parlament.ba/oLaw/GetOLawsByStatus?page=12&MandateId=4&Status=-1;/olaw/OLawDetails?lawId=51177;http://parlament.ba/olaw/OLawDetails?lawId=51177
http://parlament.ba/oLaw/GetOLawsByStatus?page=12&MandateId=4&Status=-1;/olaw/OLawDetails?lawId=51161;http://parlament.ba/olaw/OLawDetails?lawId=51161
http://parlament.ba/oLaw/GetOLawsByStatus?page=13&MandateId=4&Status=-1;/olaw/OLawDetails?lawId=51148;http://parlament.ba/olaw/OLawDetails?lawId=51148
http://parlament.ba/oLaw/GetOLawsByStatus?page=13&MandateId=4&Status=-1;/olaw/OLawDetails?lawId=51147;http://parlament.ba/olaw/OLawDetails?lawId=51147
http://parlament.ba/oLaw/GetOLawsByStatus?page=13&MandateId=4&Status=-1;/olaw/OLawDetails?lawId=51128;http://parlament.ba/olaw/OLawDetails?lawId=51128
http://parlament.ba/oLaw/GetOLawsByStatus?page=13&MandateId=4&Status=-1;/olaw/OLawDetails?lawId=51126;http://parlament.ba/olaw/OLawDetails?lawId=51126
http://parlament.ba/oLaw/GetOLawsByStatus?page=13&MandateId=4&Status=-1;/olaw/OLawDetails?lawId=51124;http://parlament.ba/olaw/OLawDetails?lawId=51124
http://parlament.ba/oLaw/GetOLawsByStatus?page=13&MandateId=4&Status=-1;/olaw/OLawDetails?lawId=51101;http://parlament.ba/olaw/OLawDetails?lawId=51101
http://parlament.ba/oLaw/GetOLawsByStatus?page=13&MandateId=4&Status=-1;/olaw/OLawDetails?lawId=51096;http://parlament.ba/olaw/OLawDetails?lawId=51096
http://parlament.ba/oLaw/GetOLawsByStatus?page=13&MandateId=4&Status=-1;/olaw/OLawDetails?lawId=51095;http://parlament.ba/olaw/OLawDetails?lawId=51095
http://parlament.ba/oLaw/GetOLawsByStatus?page=13&MandateId=4&Status=-1;/olaw/OLawDetails?lawId=51086;http://parlament.ba/olaw/OLawDetails?lawId=51086
http://parlament.ba/oLaw/GetOLawsByStatus?page=13&MandateId=4&Status=-1;/olaw/OLawDetails?lawId=51063;http://parlament.ba/olaw/OLawDetails?lawId=51063
http://parlament.ba/oLaw/GetOLawsByStatus?page=14&MandateId=4&Status=-1;/olaw/OLawDetails?lawId=50866;http://parlament.ba/olaw/OLawDetails?lawId=50866
http://parlament.ba/oLaw/GetOLawsByStatus?page=14&MandateId=4&Status=-1;/olaw/OLawDetails?lawId=50508;http://parlament.ba/olaw/OLawDetails?lawId=50508
http://parlament.ba/oLaw/GetOLawsByStatus?page=14&MandateId=4&Status=-1;/olaw/OLawDetails?lawId=50502;http://parlament.ba/olaw/OLawDetails?lawId=50502
http://parlament.ba/oLaw/GetOLawsByStatus?page=14&MandateId=4&Status=-1;/olaw/OLawDetails?lawId=50368;http://parlament.ba/olaw/OLawDetails?lawId=50368
http://parlament.ba/oLaw/GetOLawsByStatus?page=14&MandateId=4&Status=-1;/olaw/OLawDetails?lawId=50347;http://parlament.ba/olaw/OLawDetails?lawId=50347
http://parlament.ba/oLaw/GetOLawsByStatus?page=14&MandateId=4&Status=-1;/olaw/OLawDetails?lawId=50294;http://parlament.ba/olaw/OLawDetails?lawId=50294
http://parlament.ba/oLaw/GetOLawsByStatus?page=14&MandateId=4&Status=-1;/olaw/OLawDetails?lawId=50280;http://parlament.ba/olaw/OLawDetails?lawId=50280
http://parlament.ba/oLaw/GetOLawsByStatus?page=14&MandateId=4&Status=-1;/olaw/OLawDetails?lawId=50268;http://parlament.ba/olaw/OLawDetails?lawId=50268
http://parlament.ba/oLaw/GetOLawsByStatus?page=14&MandateId=4&Status=-1;/olaw/OLawDetails?lawId=50082;http://parlament.ba/olaw/OLawDetails?lawId=50082
http://parlament.ba/oLaw/GetOLawsByStatus?page=14&MandateId=4&Status=-1;/olaw/OLawDetails?lawId=17750;http://parlament.ba/olaw/OLawDetails?lawId=17750
http://parlament.ba/oLaw/GetOLawsByStatus?page=15&MandateId=4&Status=-1;/olaw/OLawDetails?lawId=17735;http://parlament.ba/olaw/OLawDetails?lawId=17735
http://parlament.ba/oLaw/GetOLawsByStatus?page=15&MandateId=4&Status=-1;/olaw/OLawDetails?lawId=17450;http://parlament.ba/olaw/OLawDetails?lawId=17450
http://parlament.ba/oLaw/GetOLawsByStatus?page=15&MandateId=4&Status=-1;/olaw/OLawDetails?lawId=17238;http://parlament.ba/olaw/OLawDetails?lawId=17238
http://parlament.ba/oLaw/GetOLawsByStatus?page=15&MandateId=4&Status=-1;/olaw/OLawDetails?lawId=17086;http://parlament.ba/olaw/OLawDetails?lawId=17086
http://parlament.ba/oLaw/GetOLawsByStatus?page=15&MandateId=4&Status=-1;/olaw/OLawDetails?lawId=17039;http://parlament.ba/olaw/OLawDetails?lawId=17039
http://parlament.ba/oLaw/GetOLawsByStatus?page=15&MandateId=4&Status=-1;/olaw/OLawDetails?lawId=16660;http://parlament.ba/olaw/OLawDetails?lawId=16660
http://parlament.ba/oLaw/GetOLawsByStatus?page=15&MandateId=4&Status=-1;/olaw/OLawDetails?lawId=16488;http://parlament.ba/olaw/OLawDetails?lawId=16488
http://parlament.ba/oLaw/GetOLawsByStatus?page=15&MandateId=4&Status=-1;/olaw/OLawDetails?lawId=16446;http://parlament.ba/olaw/OLawDetails?lawId=16446
http://parlament.ba/oLaw/GetOLawsByStatus?page=15&MandateId=4&Status=-1;/olaw/OLawDetails?lawId=16379;http://parlament.ba/olaw/OLawDetails?lawId=16379
http://parlament.ba/oLaw/GetOLawsByStatus?page=15&MandateId=4&Status=-1;/olaw/OLawDetails?lawId=15958;http://parlament.ba/olaw/OLawDetails?lawId=15958
http://parlament.ba/oLaw/GetOLawsByStatus?page=16&MandateId=4&Status=-1;/olaw/OLawDetails?lawId=15414;http://parlament.ba/olaw/OLawDetails?lawId=15414
http://parlament.ba/oLaw/GetOLawsByStatus?page=16&MandateId=4&Status=-1;/olaw/OLawDetails?lawId=15207;http://parlament.ba/olaw/OLawDetails?lawId=15207
http://parlament.ba/oLaw/GetOLawsByStatus?page=16&MandateId=4&Status=-1;/olaw/OLawDetails?lawId=15140;http://parlament.ba/olaw/OLawDetails?lawId=15140
http://parlament.ba/oLaw/GetOLawsByStatus?page=16&MandateId=4&Status=-1;/olaw/OLawDetails?lawId=15106;http://parlament.ba/olaw/OLawDetails?lawId=15106
http://parlament.ba/oLaw/GetOLawsByStatus?page=16&MandateId=4&Status=-1;/olaw/OLawDetails?lawId=14859;http://parlament.ba/olaw/OLawDetails?lawId=14859
http://parlament.ba/oLaw/GetOLawsByStatus?page=16&MandateId=4&Status=-1;/olaw/OLawDetails?lawId=14831;http://parlament.ba/olaw/OLawDetails?lawId=14831
http://parlament.ba/oLaw/GetOLawsByStatus?page=16&MandateId=4&Status=-1;/olaw/OLawDetails?lawId=14699;http://parlament.ba/olaw/OLawDetails?lawId=14699
http://parlament.ba/oLaw/GetOLawsByStatus?page=16&MandateId=4&Status=-1;/olaw/OLawDetails?lawId=14481;http://parlament.ba/olaw/OLawDetails?lawId=14481
http://parlament.ba/oLaw/GetOLawsByStatus?page=16&MandateId=4&Status=-1;/olaw/OLawDetails?lawId=14371;http://parlament.ba/olaw/OLawDetails?lawId=14371
http://parlament.ba/oLaw/GetOLawsByStatus?page=16&MandateId=4&Status=-1;/olaw/OLawDetails?lawId=13768;http://parlament.ba/olaw/OLawDetails?lawId=13768
http://parlament.ba/oLaw/GetOLawsByStatus?page=17&MandateId=4&Status=-1;/olaw/OLawDetails?lawId=12303;http://parlament.ba/olaw/OLawDetails?lawId=12303
http://parlament.ba/oLaw/GetOLawsByStatus?page=17&MandateId=4&Status=-1;/olaw/OLawDetails?lawId=11987;http://parlament.ba/olaw/OLawDetails?lawId=11987
